<?xml version="1.0" encoding="UTF-8"?>
<!--
 |  ***********************************************************************
 |  Compass Logon CONFIDENTIAL
 |  ___________________
 |
 |  Copyright 2022 Compass Logon
 |  All Rights Reserved.
 |
 |  NOTICE:  All information contained herein is, and remains the property
 |  of Compass Logon and its suppliers, if any. The intellectual and
 |  technical concepts contained herein are proprietary to Compass Logon
 |  and its suppliers and are protected by trade secret or copyright law.
 |  Dissemination of this information or reproduction of this material
 |  is strictly forbidden unless prior written permission is obtained
 |  from Compass Logon.
 |  ***********************************************************************
-->
<jcr:root xmlns:jcr="http://www.jcp.org/jcr/1.0"
          xmlns:cq="http://www.day.com/jcr/cq/1.0"
          xmlns:granite="http://www.adobe.com/jcr/granite/1.0"
          xmlns:nt="http://www.jcp.org/jcr/nt/1.0"
          xmlns:sling="http://sling.apache.org/jcr/sling/1.0"
          jcr:primaryType="nt:unstructured"
          jcr:title="Content Component"
          sling:resourceType="cq/gui/components/authoring/dialog">
   <content jcr:primaryType="nt:unstructured"
            sling:resourceType="granite/ui/components/coral/foundation/container">
      <layout jcr:primaryType="nt:unstructured"
              margin="{Boolean}false"
              sling:resourceType="granite/ui/components/foundation/layouts/fixedcolumns"/>
      <items jcr:primaryType="nt:unstructured">
         <column jcr:primaryType="nt:unstructured"
                 sling:resourceType="granite/ui/components/coral/foundation/container">
            <items jcr:primaryType="nt:unstructured">
               <text1 cq-msm-lockable="./text1"
                      fieldLabel="Frase 1"
                      jcr:primaryType="nt:unstructured"
                      name="./text1"
                      sling:resourceType="granite/ui/components/coral/foundation/form/textfield"/>
               <p1 cq-msm-lockable="./p1"
                   fieldLabel="Parágrafo 1"
                   jcr:primaryType="nt:unstructured"
                   name="./p1"
                   sling:resourceType="granite/ui/components/coral/foundation/form/textfield"/>
               <text2 cq-msm-lockable="./text2"
                      fieldLabel="Frase 2"
                      jcr:primaryType="nt:unstructured"
                      name="./text2"
                      sling:resourceType="granite/ui/components/coral/foundation/form/textfield"/>
               <p2 cq-msm-lockable="./p2"
                   fieldLabel="Parágrafo 2"
                   jcr:primaryType="nt:unstructured"
                   name="./p2"
                   sling:resourceType="granite/ui/components/coral/foundation/form/textfield"/>
               <text3 cq-msm-lockable="./text3"
                      fieldLabel="Frase 3"
                      jcr:primaryType="nt:unstructured"
                      name="./text3"
                      sling:resourceType="granite/ui/components/coral/foundation/form/textfield"/>
               <p3 cq-msm-lockable="./p3"
                   fieldLabel="Parágrafo 3"
                   jcr:primaryType="nt:unstructured"
                   name="./p3"
                   sling:resourceType="granite/ui/components/coral/foundation/form/textfield"/>
               <text4 cq-msm-lockable="./text4"
                      fieldLabel="Frase 4"
                      jcr:primaryType="nt:unstructured"
                      name="./text4"
                      sling:resourceType="granite/ui/components/coral/foundation/form/textfield"/>
               <p4 cq-msm-lockable="./p4"
                   fieldLabel="Parágrafo 4"
                   jcr:primaryType="nt:unstructured"
                   name="./p4"
                   sling:resourceType="granite/ui/components/coral/foundation/form/textfield"/>
            </items>
         </column>
      </items>
   </content>
</jcr:root>
